date,energy_Wh,clouds,temp,humidity
2025-09-26 20:16:41,4.657,40,28.97,89
2025-09-26 20:16:42,4.657,40,28.97,89
2025-09-26 20:16:42,4.657,40,28.97,89
2025-09-26 20:16:43,4.657,40,28.97,89
2025-09-26 20:16:44,4.657,40,28.97,89
2025-09-26 20:16:45,4.657,40,28.97,89
2025-09-26 20:16:45,4.657,40,28.97,89
2025-09-26 20:16:46,4.657,40,28.97,89
2025-09-26 20:16:48,4.657,40,28.97,89
2025-09-26 20:16:49,4.657,40,28.97,89
2025-09-26 20:16:49,4.657,40,28.97,89
2025-09-26 20:16:50,4.657,40,28.97,89
2025-09-26 20:16:51,4.657,40,28.97,89
2025-09-26 20:16:52,4.657,40,28.97,89
2025-09-26 20:16:52,4.664,40,28.97,89
2025-09-26 20:16:53,4.664,40,28.97,89
2025-09-26 20:16:54,4.664,40,28.97,89
2025-09-26 20:16:55,4.664,40,28.97,89
2025-09-26 20:16:55,4.664,40,28.97,89
2025-09-26 20:16:56,4.664,40,28.97,89
2025-09-26 20:16:57,4.664,40,28.97,89
2025-09-26 20:16:58,4.664,40,28.97,89
2025-09-26 20:17:03,4.664,40,28.97,89
2025-09-26 20:17:04,4.664,40,28.97,89
2025-09-26 20:17:06,4.664,40,28.97,89
2025-09-26 20:17:07,4.664,40,28.97,89
2025-09-26 20:17:09,4.664,40,28.97,89
2025-09-26 20:17:10,4.664,40,28.97,89
2025-09-26 20:17:11,4.664,40,28.97,89
2025-09-26 20:17:13,4.664,40,28.97,89
2025-09-26 20:17:14,4.664,40,28.97,89
2025-09-26 20:17:15,4.664,40,28.97,89
2025-09-26 20:17:17,4.664,40,28.97,89
2025-09-26 20:17:21,4.664,40,28.97,89
2025-09-26 20:17:22,4.67,40,28.97,89
2025-09-26 20:17:24,4.67,40,28.97,89
2025-09-26 20:17:25,4.67,40,28.97,89
2025-09-26 20:17:27,4.67,40,28.97,89
2025-09-26 20:17:28,4.67,40,28.97,89
2025-09-26 20:17:30,4.67,40,28.97,89
2025-09-26 20:17:32,4.67,40,28.97,89
2025-09-26 20:17:33,4.67,40,28.97,89
2025-09-26 20:17:35,4.67,40,28.97,89
2025-09-26 20:17:36,4.67,40,28.97,89
2025-09-26 20:17:38,4.67,40,28.97,89
2025-09-26 20:17:39,4.67,40,28.97,89
2025-09-26 20:17:41,4.67,40,28.97,89
2025-09-26 20:17:42,4.67,40,28.97,89
2025-09-26 20:17:44,4.67,40,28.97,89
2025-09-26 20:17:46,4.67,40,28.97,89
2025-09-26 20:17:47,4.67,40,28.97,89
2025-09-26 20:17:51,4.67,40,28.97,89
2025-09-26 20:17:54,4.673,40,28.97,89
2025-09-26 20:17:58,4.673,40,28.97,89
2025-09-26 20:18:02,4.673,40,28.97,89
2025-09-26 20:18:05,4.673,40,28.97,89
2025-09-26 20:18:09,4.673,40,28.97,89
2025-09-26 20:18:13,4.673,40,28.97,89
2025-09-26 20:18:17,4.673,40,28.97,89
2025-09-26 20:18:21,4.673,40,28.97,89
2025-09-26 20:18:25,4.679,40,28.97,89
2025-09-26 20:18:29,4.679,40,28.97,89
2025-09-26 20:18:33,4.679,40,28.97,89
2025-09-26 20:18:37,4.679,40,28.97,89
2025-09-26 20:18:41,4.679,40,28.97,89
2025-09-26 20:18:44,4.679,40,28.97,89
2025-09-26 20:18:49,4.679,40,28.97,89
2025-09-26 20:18:53,4.683,40,28.97,89
2025-09-26 20:18:57,4.683,40,28.97,89
2025-09-26 20:19:01,4.683,40,28.97,89
2025-09-26 20:19:05,4.683,40,28.97,89
2025-09-26 20:19:09,4.683,40,28.97,89
2025-09-26 20:19:14,4.683,40,28.97,89
2025-09-26 20:19:18,4.683,40,28.97,89
2025-09-26 20:19:22,4.683,40,28.97,89
2025-09-26 20:19:26,4.687,40,28.97,89
2025-09-26 20:19:30,4.687,40,28.97,89
2025-09-26 20:19:35,4.687,40,28.97,89
2025-09-26 20:19:39,4.687,40,28.97,89
2025-09-26 20:19:43,4.687,40,28.97,89
2025-09-26 20:19:47,4.687,40,28.97,89
2025-09-26 20:19:51,4.687,40,28.97,89
2025-09-26 20:19:55,4.692,40,28.97,89
2025-09-26 20:20:00,4.692,40,28.97,89
2025-09-26 20:20:04,4.692,40,28.97,89
2025-09-26 20:20:08,4.692,40,28.97,89
2025-09-26 20:20:12,4.692,40,28.97,89
2025-09-26 20:20:16,4.692,40,28.97,89
2025-09-26 20:20:20,4.692,40,28.97,89
2025-09-26 20:20:24,4.692,40,28.97,89
2025-09-26 20:20:29,4.692,40,28.97,89
2025-09-26 20:20:33,4.692,40,28.97,89
2025-09-26 20:20:37,4.692,40,28.97,89
2025-09-26 20:20:40,4.692,40,28.97,89
2025-09-26 20:20:44,4.692,40,28.97,89
2025-09-26 20:20:48,4.697,40,28.97,89
2025-09-26 20:20:52,4.699,40,28.97,89
2025-09-26 20:20:56,4.701,40,28.97,89
2025-09-26 20:21:00,4.701,40,28.97,89
2025-09-26 20:21:03,4.702,40,28.97,89
2025-09-26 20:21:07,4.703,40,28.97,89
2025-09-26 20:21:11,4.704,40,28.97,89
2025-09-26 20:21:15,4.704,40,28.97,89
2025-09-26 20:21:19,4.704,40,28.97,89
2025-09-26 20:21:23,4.705,40,28.97,89
2025-09-26 20:21:27,4.706,40,28.97,89
2025-09-26 20:21:31,4.707,40,28.97,89
2025-09-26 20:21:34,4.707,40,28.97,89
2025-09-26 20:21:38,4.708,40,28.97,89
2025-09-26 20:21:42,4.71,40,28.97,89
2025-09-26 20:21:46,4.711,40,28.97,89
2025-09-26 20:21:50,4.711,40,28.97,89
2025-09-26 20:21:54,4.711,40,28.97,89
2025-09-26 20:21:58,4.711,40,28.97,89
2025-09-26 20:22:02,4.711,40,28.97,89
2025-09-26 20:22:05,4.711,40,28.97,89
2025-09-26 20:22:09,4.711,40,28.97,89
2025-09-26 20:22:13,4.711,40,28.97,89
2025-09-26 20:22:17,4.711,40,28.97,89
2025-09-26 20:22:21,4.711,40,28.97,89
2025-09-26 20:22:25,4.711,40,28.97,89
2025-09-26 20:22:29,4.711,40,28.97,89
2025-09-26 20:22:33,4.711,40,28.97,89
2025-09-26 20:22:37,4.711,40,28.97,89
2025-09-26 20:22:41,4.711,40,28.97,89
2025-09-26 20:22:45,4.711,40,28.97,89
2025-09-26 20:22:49,4.711,40,28.97,89
2025-09-26 20:22:53,4.711,40,28.97,89
2025-09-26 20:22:58,4.711,40,28.97,89
2025-09-26 20:23:02,4.711,40,28.97,89
2025-09-26 20:23:06,4.711,40,28.97,89
2025-09-26 20:23:10,4.711,40,28.97,89
2025-09-26 20:23:14,4.711,40,28.97,89
2025-09-26 20:23:18,4.711,40,28.97,89
2025-09-26 20:23:23,4.711,40,28.97,89
2025-09-26 20:23:27,4.711,40,28.97,89
2025-09-26 20:23:32,4.711,40,28.97,89
2025-09-26 20:23:36,4.711,40,28.97,89
2025-09-26 20:23:40,4.711,40,28.97,89
2025-09-26 20:23:44,4.711,40,28.97,89
2025-09-26 20:23:49,4.711,40,28.97,89
2025-09-26 20:23:53,4.711,40,28.97,89
2025-09-26 20:23:58,4.711,40,28.97,89
2025-09-26 20:24:02,4.711,40,28.97,89
2025-09-26 20:24:07,4.711,40,28.97,89
2025-09-26 20:24:11,4.711,40,28.97,89
2025-09-26 20:24:15,4.711,40,28.97,89
2025-09-26 20:24:20,4.711,40,28.97,89
2025-09-26 20:24:24,4.711,40,28.97,89
2025-09-26 20:24:29,4.711,40,28.97,89
2025-09-26 20:24:33,4.711,40,28.97,89
2025-09-26 20:24:38,4.711,40,28.97,89
2025-09-26 20:24:42,4.711,40,28.97,89
2025-09-26 20:24:47,4.711,40,28.97,89
2025-09-26 20:24:51,4.711,40,28.97,89
2025-09-26 20:24:55,4.711,40,28.97,89
2025-09-26 20:25:00,4.711,40,28.97,89
2025-09-26 20:25:04,4.711,40,28.97,89
2025-09-26 20:25:09,4.711,40,28.97,89
2025-09-26 20:25:13,4.711,40,28.97,89
2025-09-26 20:25:18,4.711,40,28.97,89
2025-09-26 20:25:22,4.711,40,28.97,89
2025-09-26 20:25:26,4.711,40,28.97,89
2025-09-26 20:25:31,4.711,40,28.97,89
2025-09-26 20:25:35,4.711,40,28.97,89
2025-09-26 20:25:39,4.711,40,28.97,89
2025-09-26 20:25:43,4.711,40,28.97,89
2025-09-26 20:25:47,4.711,40,28.97,89
2025-09-26 20:25:51,4.711,40,28.97,89
2025-09-26 20:25:56,4.711,40,28.97,89
2025-09-26 20:26:00,4.711,40,28.97,89
2025-09-26 20:26:04,4.711,40,28.97,89
2025-09-26 20:26:09,4.711,40,28.97,89
2025-09-26 20:26:13,4.711,40,28.97,89
2025-09-26 20:26:17,4.711,40,28.97,89
2025-09-26 20:26:22,4.711,40,28.97,89
2025-09-26 20:26:26,4.711,40,28.97,89
2025-09-26 20:26:30,4.711,40,28.97,89
2025-09-26 20:26:34,4.711,40,28.97,89
2025-09-26 20:26:38,4.711,40,28.97,89
2025-09-26 20:26:42,4.711,40,28.97,89
2025-09-26 20:26:46,4.711,40,28.97,89
2025-09-26 20:26:49,4.711,40,28.97,89
2025-09-26 20:26:54,4.711,40,28.97,89
2025-09-26 20:26:58,4.711,40,28.97,89
2025-09-26 20:27:02,4.711,40,28.97,89
2025-09-26 20:27:06,4.711,40,28.97,89
2025-09-26 20:27:10,4.711,40,28.97,89
2025-09-26 20:27:14,4.711,40,28.97,89
2025-09-26 20:27:18,4.711,40,28.97,89
2025-09-26 20:27:22,4.711,40,28.97,89
2025-09-26 20:27:26,4.711,40,28.97,89
2025-09-26 20:27:30,4.711,40,28.97,89
2025-09-26 20:27:34,4.711,40,28.97,89
2025-09-26 20:27:38,4.711,40,28.97,89
2025-09-26 20:27:42,4.711,40,28.97,89
2025-09-26 20:27:46,4.711,40,28.97,89
2025-09-26 20:27:50,4.711,40,28.97,89
2025-09-26 20:27:54,4.711,40,28.97,89
2025-09-26 20:27:59,4.711,40,28.97,89
2025-09-26 20:28:03,4.711,40,28.97,89
2025-09-26 20:28:07,4.711,40,28.97,89
2025-09-26 20:28:11,4.711,40,28.97,89
2025-09-26 20:28:15,4.711,40,28.97,89
2025-09-26 20:28:20,4.711,40,28.97,89
2025-09-26 20:28:24,4.711,40,28.97,89
2025-09-26 20:28:28,4.711,40,28.97,89
2025-09-26 20:28:32,4.711,40,28.97,89
2025-09-26 20:28:37,4.711,40,28.97,89
2025-09-26 20:28:41,4.711,40,28.97,89
2025-09-26 20:28:45,4.711,40,28.97,89
2025-09-26 20:28:49,4.711,40,28.97,89
2025-09-26 20:28:53,4.711,40,28.97,89
2025-09-26 20:28:57,4.711,40,28.97,89
2025-09-26 20:29:02,4.711,40,28.97,89
2025-09-26 20:29:06,4.711,40,28.97,89
2025-09-26 20:29:10,4.711,40,28.97,89
2025-09-26 20:29:13,4.711,40,28.97,89
2025-09-26 20:29:18,4.711,40,28.97,89
2025-09-26 20:29:22,4.711,40,28.97,89
2025-09-26 20:29:26,4.711,40,28.97,89
2025-09-26 20:29:30,4.711,40,28.97,89
2025-09-26 20:29:34,4.711,40,28.97,89
2025-09-26 20:29:38,4.711,40,28.97,89
2025-09-26 20:29:42,4.711,40,28.97,89
2025-09-26 20:29:46,4.711,40,28.97,89
2025-09-26 20:29:50,4.711,40,28.97,89
2025-09-26 20:29:54,4.711,40,28.97,89
2025-09-26 20:29:58,4.711,40,28.97,89
2025-09-26 20:30:02,4.711,40,28.97,89
2025-09-26 20:30:06,4.711,40,28.97,89
2025-09-26 20:30:10,4.711,40,28.97,89
2025-09-26 20:30:14,4.711,40,28.97,89
2025-09-26 20:30:18,4.711,40,28.97,89
2025-09-26 20:30:22,4.711,40,28.97,89
2025-09-26 20:30:26,4.711,40,28.97,89
2025-09-26 20:30:30,4.711,40,28.97,89
2025-09-26 20:30:34,4.711,40,28.97,89
2025-09-26 20:30:38,4.711,40,28.97,89
2025-09-26 20:30:42,4.711,40,28.97,89
2025-09-26 20:30:46,4.711,40,28.97,89
2025-09-26 20:30:50,4.711,40,28.97,89
2025-09-26 20:30:54,4.711,40,28.97,89
2025-09-26 20:30:59,4.711,40,28.97,89
2025-09-26 20:31:03,4.711,40,28.97,89
2025-09-26 20:31:07,4.711,40,28.97,89
2025-09-26 20:31:12,4.711,40,28.97,89
2025-09-26 20:31:16,4.711,40,28.97,89
2025-09-26 20:31:20,4.711,40,28.97,89
2025-09-26 20:31:25,4.711,40,28.97,89
2025-09-26 20:31:29,4.711,40,28.97,89
2025-09-26 20:31:33,4.714,40,28.97,89
2025-09-26 20:31:37,4.716,40,28.97,89
2025-09-26 20:31:41,4.717,40,28.97,89
2025-09-26 20:31:45,4.717,40,28.97,89
2025-09-26 20:31:50,4.719,40,28.97,89
2025-09-26 20:31:54,4.721,40,28.97,89
2025-09-26 20:31:57,4.723,40,28.97,89
2025-09-26 20:32:01,4.725,40,28.97,89
2025-09-26 20:32:05,4.725,40,28.97,89
2025-09-26 20:32:10,4.727,40,28.97,89
2025-09-26 20:32:14,4.729,40,28.97,89
2025-09-26 20:32:18,4.731,40,28.97,89
2025-09-26 20:32:23,4.733,40,28.97,89
2025-09-26 20:32:26,4.734,40,28.97,89
2025-09-26 20:32:31,4.734,40,28.97,89
2025-09-26 20:32:35,4.735,40,28.97,89
2025-09-26 20:32:39,4.736,40,28.97,89
2025-09-26 20:32:43,4.737,40,28.97,89
2025-09-26 20:32:48,4.737,40,28.97,89
2025-09-26 20:32:52,4.738,40,28.97,89
2025-09-26 20:32:56,4.738,40,28.97,89
2025-09-26 20:33:00,4.738,40,28.97,89
2025-09-26 20:33:04,4.738,40,28.97,89
2025-09-26 20:33:08,4.738,40,28.97,89
2025-09-26 20:33:12,4.738,40,28.97,89
2025-09-26 20:33:16,4.738,40,28.97,89
2025-09-26 20:33:20,4.738,40,28.97,89
2025-09-26 20:33:25,4.738,40,28.97,89
2025-09-26 20:33:29,4.738,40,28.97,89
2025-09-26 20:33:33,4.738,40,28.97,89
2025-09-26 20:33:37,4.739,40,28.97,89
2025-09-26 20:33:41,4.739,40,28.97,89
2025-09-26 20:33:45,4.74,40,28.97,89
2025-09-26 20:33:49,4.741,40,28.97,89
2025-09-26 20:33:53,4.742,40,28.97,89
2025-09-26 20:33:57,4.743,40,28.97,89
2025-09-26 20:34:01,4.743,40,28.97,89
2025-09-26 20:34:06,4.744,40,28.97,89
2025-09-26 20:34:10,4.744,40,28.97,89
2025-09-26 20:34:14,4.744,40,28.97,89
2025-09-26 20:34:17,4.744,40,28.97,89
2025-09-26 20:34:21,4.744,40,28.97,89
2025-09-26 20:34:25,4.744,40,28.97,89
2025-09-26 20:34:29,4.744,40,28.97,89
2025-09-26 20:34:34,4.744,40,28.97,89
2025-09-26 20:34:38,4.744,40,28.97,89
2025-09-26 20:34:42,4.744,40,28.97,89
2025-09-26 20:34:46,4.744,40,28.97,89
2025-09-26 20:34:50,4.744,40,28.97,89
2025-09-26 20:34:54,4.744,40,28.97,89
2025-09-26 20:34:58,4.744,40,28.97,89
2025-09-26 20:35:02,4.744,40,28.97,89
2025-09-26 20:35:06,4.744,40,28.97,89
2025-09-26 20:35:10,4.744,40,28.97,89
2025-09-26 20:35:14,4.744,40,28.97,89
2025-09-26 20:35:18,4.744,40,28.97,89
2025-09-26 20:35:22,4.744,40,28.97,89
2025-09-26 20:35:26,4.744,40,28.97,89
2025-09-26 20:35:30,4.744,40,28.97,89
2025-09-26 20:35:34,4.744,40,28.97,89
2025-09-26 20:35:38,4.744,40,28.97,89
2025-09-26 20:35:42,4.744,40,28.97,89
2025-09-26 20:35:46,4.744,40,28.97,89
2025-09-26 20:35:50,4.744,40,28.97,89
2025-09-26 20:35:55,4.744,40,28.97,89
2025-09-26 20:35:58,4.744,40,28.97,89
2025-09-26 20:36:02,4.744,40,28.97,89
2025-09-26 20:36:07,4.744,40,28.97,89
2025-09-26 20:36:11,4.746,40,28.97,89
2025-09-26 20:36:15,4.748,40,28.97,89
2025-09-26 20:36:19,4.75,40,28.97,89
2025-09-26 20:36:23,4.75,40,28.97,89
2025-09-26 20:36:27,4.752,40,28.97,89
2025-09-26 20:36:31,4.754,40,28.97,89
2025-09-26 20:36:35,4.756,40,28.97,89
2025-09-26 20:36:39,4.757,40,28.97,89
2025-09-26 20:36:43,4.757,40,28.97,89
2025-09-26 20:36:47,4.76,40,28.97,89
2025-09-26 20:36:52,4.761,40,28.97,89
2025-09-26 20:36:56,4.763,40,28.97,89
2025-09-26 20:37:00,4.764,40,28.97,89
2025-09-26 20:37:04,4.765,40,28.97,89
2025-09-26 20:37:08,4.765,40,28.97,89
2025-09-26 20:37:12,4.766,40,28.97,89
2025-09-26 20:37:16,4.767,40,28.97,89
2025-09-26 20:37:20,4.768,40,28.97,89
2025-09-26 20:37:24,4.768,40,28.97,89
2025-09-26 20:37:29,4.768,40,28.97,89
2025-09-26 20:37:33,4.768,40,28.97,89
2025-09-26 20:37:37,4.768,40,28.97,89
2025-09-26 20:37:41,4.768,40,28.97,89
2025-09-26 20:37:45,4.768,40,28.97,89
2025-09-26 20:37:49,4.768,40,28.97,89
2025-09-26 20:37:53,4.768,40,28.97,89
2025-09-26 20:37:57,4.768,40,28.97,89
2025-09-26 20:38:01,4.769,40,28.97,89
2025-09-26 20:38:05,4.77,40,28.97,89
2025-09-26 20:38:09,4.771,40,28.97,89
2025-09-26 20:38:13,4.771,40,28.97,89
2025-09-26 20:38:17,4.772,40,28.97,89
2025-09-26 20:38:21,4.773,40,28.97,89
2025-09-26 20:38:26,4.774,40,28.97,89
2025-09-26 20:38:30,4.776,40,28.97,89
2025-09-26 20:38:34,4.776,40,28.97,89
2025-09-26 20:38:38,4.777,40,28.97,89
2025-09-26 20:38:42,4.777,40,28.97,89
2025-09-26 20:38:46,4.778,40,28.97,89
2025-09-26 20:38:49,4.779,40,28.97,89
2025-09-26 20:38:53,4.779,40,28.97,89
2025-09-26 20:38:58,4.78,40,28.97,89
2025-09-26 20:39:02,4.781,40,28.97,89
2025-09-26 20:39:06,4.783,40,28.97,89
2025-09-26 20:39:10,4.783,40,28.97,89
2025-09-26 20:39:14,4.784,40,28.97,89
2025-09-26 20:39:18,4.784,40,28.97,89
2025-09-26 20:39:22,4.785,40,28.97,89
2025-09-26 20:39:26,4.786,40,28.97,89
2025-09-26 20:39:30,4.787,40,28.97,89
2025-09-26 20:39:34,4.788,40,28.97,89
2025-09-26 20:39:38,4.788,40,28.97,89
2025-09-26 20:39:42,4.789,40,28.97,89
2025-09-26 20:39:46,4.79,40,28.97,89
2025-09-27 10:54:52,4.954,100,31.82,67
2025-09-27 10:54:56,4.954,100,31.82,67
2025-09-27 10:55:00,4.954,100,31.82,67
2025-09-27 10:55:05,4.954,100,31.82,67
2025-09-27 10:55:10,4.954,100,31.82,67
